block,trial,problem,correct_answer,subject_response,subject_accuracy,response_time
0,1,"('1+1=', 2)",2,2,1,0.9498467000667006
0,2,"('1+1=', 2)",2,2,1,1.1848551000002772
0,3,"('4-1=', 3)",3,3,1,1.0341898000333458
1,1,"('4-1=', 3)",3,3,1,0.8315241001546383
1,2,"('4-1=', 3)",3,3,1,0.7663230998441577
1,3,"('3-2=', 1)",1,2,2,0.7195196999236941
